{
  "creator": "Yosys 0.33+6 (git sha1 31ee566ec, x86_64-conda-linux-gnu-cc 11.2.0 -fvisibility-inlines-hidden -fmessage-length=0 -march=nocona -mtune=haswell -ftree-vectorize -fPIC -fstack-protector-strong -fno-plt -O2 -ffunction-sections -fdebug-prefix-map=/root/conda-eda/conda-eda/workdir/conda-env/conda-bld/yosys_1694474244328/work=/usr/local/src/conda/yosys-0.33_11_g31ee566ec -fdebug-prefix-map=/home/desires/miniconda3/envs/digital=/usr/local/src/conda-prefix -fPIC -Os -fno-merge-constants)",
  "modules": {
    "halfadder": {
      "attributes": {
        "top": "00000000000000000000000000000001",
        "src": "./paralelladder.v:6.1-14.10"
      },
      "ports": {
        "A": {
          "direction": "input",
          "bits": [ 2 ]
        },
        "B": {
          "direction": "input",
          "bits": [ 3 ]
        },
        "Co": {
          "direction": "output",
          "bits": [ 4 ]
        },
        "S": {
          "direction": "output",
          "bits": [ 5 ]
        }
      },
      "cells": {
        "$and$./paralelladder.v:13$2": {
          "hide_name": 1,
          "type": "$and",
          "parameters": {
            "A_SIGNED": "00000000000000000000000000000000",
            "A_WIDTH": "00000000000000000000000000000001",
            "B_SIGNED": "00000000000000000000000000000000",
            "B_WIDTH": "00000000000000000000000000000001",
            "Y_WIDTH": "00000000000000000000000000000001"
          },
          "attributes": {
            "src": "./paralelladder.v:13.16-13.21"
          },
          "port_directions": {
            "A": "input",
            "B": "input",
            "Y": "output"
          },
          "connections": {
            "A": [ 2 ],
            "B": [ 3 ],
            "Y": [ 4 ]
          }
        },
        "$xor$./paralelladder.v:12$1": {
          "hide_name": 1,
          "type": "$xor",
          "parameters": {
            "A_SIGNED": "00000000000000000000000000000000",
            "A_WIDTH": "00000000000000000000000000000001",
            "B_SIGNED": "00000000000000000000000000000000",
            "B_WIDTH": "00000000000000000000000000000001",
            "Y_WIDTH": "00000000000000000000000000000001"
          },
          "attributes": {
            "src": "./paralelladder.v:12.15-12.20"
          },
          "port_directions": {
            "A": "input",
            "B": "input",
            "Y": "output"
          },
          "connections": {
            "A": [ 2 ],
            "B": [ 3 ],
            "Y": [ 5 ]
          }
        }
      },
      "netnames": {
        "A": {
          "hide_name": 0,
          "bits": [ 2 ],
          "attributes": {
            "src": "./paralelladder.v:7.9-7.10"
          }
        },
        "B": {
          "hide_name": 0,
          "bits": [ 3 ],
          "attributes": {
            "src": "./paralelladder.v:8.9-8.10"
          }
        },
        "Co": {
          "hide_name": 0,
          "bits": [ 4 ],
          "attributes": {
            "src": "./paralelladder.v:9.10-9.12"
          }
        },
        "S": {
          "hide_name": 0,
          "bits": [ 5 ],
          "attributes": {
            "src": "./paralelladder.v:10.10-10.11"
          }
        }
      }
    }
  }
}
