{
	"partitions" : [
		{
			"name" : "Top",
			"pins" : [
				{
					"name" : "led_v",
					"strict" : false
				},
				{
					"name" : "led_r",
					"strict" : false
				},
				{
					"name" : "bu",
					"strict" : false
				},
				{
					"name" : "smd",
					"strict" : false
				},
				{
					"name" : "Tri",
					"strict" : false
				},
				{
					"name" : "L_4",
					"strict" : false
				},
				{
					"name" : "L_3",
					"strict" : false
				},
				{
					"name" : "L_2",
					"strict" : false
				},
				{
					"name" : "L_1",
					"strict" : false
				},
				{
					"name" : "A",
					"strict" : false
				},
				{
					"name" : "B",
					"strict" : false
				},
				{
					"name" : "C",
					"strict" : false
				},
				{
					"name" : "D",
					"strict" : false
				},
				{
					"name" : "E",
					"strict" : false
				},
				{
					"name" : "F",
					"strict" : false
				},
				{
					"name" : "G",
					"strict" : false
				},
				{
					"name" : "H",
					"strict" : false
				},
				{
					"name" : "L_8",
					"strict" : false
				},
				{
					"name" : "L_7",
					"strict" : false
				},
				{
					"name" : "L_6",
					"strict" : false
				},
				{
					"name" : "L_5",
					"strict" : false
				},
				{
					"name" : "lec",
					"strict" : false
				},
				{
					"name" : "seg",
					"strict" : false
				},
				{
					"name" : "ca",
					"strict" : false
				},
				{
					"name" : "cu",
					"strict" : false
				},
				{
					"name" : "e_1",
					"strict" : false
				},
				{
					"name" : "e_2",
					"strict" : false
				},
				{
					"name" : "e_3",
					"strict" : false
				},
				{
					"name" : "e_4",
					"strict" : false
				},
				{
					"name" : "ec",
					"strict" : false
				},
				{
					"name" : "co",
					"strict" : false
				},
				{
					"name" : "t",
					"strict" : false
				},
				{
					"name" : "cl",
					"strict" : false
				}
			]
		}
	]
}